Operators;SELECTED;1
Operators;MULTIPLE;1
Operators;INTENDED;4
Operators;NOTWITHSTANDING;1
Operators;SEPARATE;5
Operators;RESIDUAL;5
Operators;ADOPTED;4
Operators;DIFFERENCES;5
Operators;ALTHOUGH;2
Operators;ALLOCATE;1
Operators;CONFIRMS;1
Operators;ABSOLUTE;1
Operators;DIFFER;1
Operators;EXCEED;1
Operators;ADDITIONAL;12
Operators;LIMITS;6
Operators;IMPLEMENTATION;11
Operators;THOUGH;7
Operators;HOWEVER;21
Operators;NEXT;4
Operators;SAY;1
Operators;DETERMINED;1
Operators;COMPLY;3
Operators;DETERMINE;6
Operators;ASSUMING;2
Operators;THRESHOLD;7
Operators;CASES;60
Operators;FIRST;16
Operators;CIRCUMSTANCES;13
Operators;COMPARABLE;2
Operators;SIMILARLY;1
Operators;OUTCOME;13
Operators;ADOPT;1
Operators;REQUEST;55
Operators;LEAST;4
Operators;ASSESS;2
Operators;INDICATORS;2
Operators;ACCORDINGLY;1
Operators;ENSURING;5
Operators;CRITERION;1
Operators;REQUIRE;10
Operators;MEET;2
Operators;SIMILAR;6
Operators;REDUCED;1
Operators;BEFORE;13
Operators;DENIED;1
Operators;BECAUSE;6
Operators;COMBINATION;2
Operators;MAY;128
Operators;DOUBLE;17
Operators;CONTAINS;2
Operators;ALLOWS;2
Operators;REFLECTED;2
Operators;LIMITING;1
Operators;NEEDED;29
Operators;ONLY;21
Operators;INCLUDING;30
Operators;EITHER;8
Operators;RESPECT;22
Operators;ALTERNATIVE;2
Operators;OR;161
Operators;COMPRISE;1
Operators;CONSIDERING;3
Operators;ENSURES;2
Operators;AFTER;19
Operators;RETURN;44
Operators;CIRCUMSTANCE;1
Operators;PREVIOUSLY;4
Operators;THRESHOLDS;2
Operators;RECOMMENDATION;19
Operators;CORRESPONDS;1
Operators;RESTRICT;1
Operators;SPECIFICALLY;1
Operators;APPROVAL;4
Operators;ACCEPTED;13
Operators;CHANGES;16
Operators;PREVENT;6
Operators;ASSUMED;1
Operators;COMPARED;2
Operators;INSTANCE;1
Operators;DISTINCT;1
Operators;MANDATE;1
Operators;REQUIRED;26
Operators;CHOOSING;2
Operators;BUT;30
Operators;FALLS;2
Operators;MINIMUM;7
Operators;FULLY;3
Operators;COMPRISES;2
Operators;IRRESPECTIVE;2
Operators;SUBSEQUENTLY;4
Operators;INCREASING;1
Operators;REQUIRES;1
Operators;APPEARS;1
Operators;APPLIED;4
Operators;CASE;24
Operators;AND/OR;7
Operators;IMPOSED;2
Operators;FOR;233
Operators;CONFIRM;4
Operators;ADDITION;5
Operators;EG;30
Operators;LIMITATION;1
Operators;ACCORDING;1
Operators;APPLIES;5
Operators;INSTEAD;2
Operators;IMPLEMENT;7
Operators;TREATED;1
Operators;AND;424
Operators;SELECTION;1
Operators;CONVERSELY;1
Operators;EXTRA;1
Operators;INITIALLY;2
Operators;&;1
Operators;REMOVE;2
Operators;YET;2
Operators;ASSUMPTIONS;1
Operators;DETERMINATION;86
Operators;MINIMISE;2
Operators;NOT;151
Operators;QUANTITATIVE;2
Operators;SUBJECT;17
Operators;THEN;13
Operators;RAISE;3
Operators;MINIMISING;1
Operators;ALTERNATIVELY;3
Operators;CORRESPOND;2
Operators;WHILE;14
Operators;REFERENCES;1
Operators;COVERED;4
Operators;WHOLLY;1
Operators;ALLOCATING;2
Operators;OTHERWISE;4
Operators;LIMITATIONS;2
Operators;REQUIREMENT;3
Operators;SET;5
Operators;MANDATORY;43
Operators;INCLUSIVE;37
Operators;RATHER;3
Operators;SO;13
Operators;PERFORMING;1
Operators;IDENTIFIED;8
Operators;RULE;1
Operators;INCREASE;2
Operators;INDICATE;1
Operators;WERE;8
Operators;DIFFERS;1
Operators;APPLY;14
Operators;IDENTIFIES;1
Operators;STILL;7
Operators;SOLELY;1
Operators;WHY;3
Operators;DIFFERENT;20
Operators;IMPLIES;1
Operators;FACTORS;1
Operators;CONCERNING;9
Operators;SINCE;2
Operators;THUS;4
Operators;EQUAL;3
Operators;SECOND;3
Operators;CANNOT;5
Operators;RAISES;1
Operators;OTHERS;3
Operators;NEED;12
Operators;IDENTIFICATION;10
Operators;REDUCING;2
Operators;WAS;16
Operators;ALLOCATED;1
Operators;IDENTIFYING;3
Operators;PREVIOUS;6
Operators;EVEN;12
Operators;REPRESENT;1
Operators;GREATER;7
Operators;ACCORDANCE;3
Operators;PROPORTION;1
Operators;SUBMIT;8
Operators;SEPARATELY;1
Operators;ENSURE;27
Operators;DEFINE;2
Operators;LOWER;3
Operators;PARTICULARLY;1
Operators;RELATIONSHIP;1
Operators;DEPENDING;7
Operators;TOP;1
Operators;NEEDS;2
Operators;ADOPTING;1
Operators;IMPLEMENTING;1
Operators;SINGLE;1
Operators;WILLING;6
Operators;ADDED;1
Operators;SEEM;1
Operators;OPTIONS;3
Operators;INCORPORATE;1
Operators;ENTIRE;1
Operators;DEPEND;2
Operators;LIKE;2
Operators;REQUIRING;2
Operators;TESTING;1
Operators;ESTIMATES;1
Operators;UNLESS;6
Operators;TOGETHER;8
Operators;APPROVED;3
Operators;ALSO;44
Operators;ALIKE;1
Operators;ELIMINATING;2
Operators;PERMIT;2
Operators;AGGREGATE;1
Operators;FURTHER;28
Operators;REFER;2
Operators;SUITABLE;4
Operators;ESTABLISH;6
Operators;COMPLEMENT;1
Operators;MEAN;5
Operators;REGARDING;5
Operators;REGARDLESS;1
Operators;ALBEIT;1
Operators;COVER;2
Operators;WHEREAS;3
Operators;REPRESENTED;3
Operators;INCLUDES;4
Operators;HOW;22
Operators;AS;166
Operators;REFLECTING;6
Operators;THEREFORE;5
Operators;ALLOW;6
Operators;RECOMMENDATIONS;4
Operators;INCLUDED;17
Operators;OBLIGATED;1
Operators;IE;9
Operators;IF;110
Operators;APPLYING;8
Operators;CALCULATING;1
Operators;ALWAYS;2
Operators;REPRESENTS;1
Operators;MEANS;2
Operators;OVERALL;5
Operators;SAME;11
Operators;SETTING;3
Operators;ADOPTION;1
Operators;REQUESTS;6
Operators;REFERRED;5
Operators;PERMITTED;1
Operands;MODIFICATIONS;1
Operands;RELIEVING;16
Operands;SIT;1
Operands;SIMPLE;4
Operands;POSITIONS;3
Operands;EXPLAIN;1
Operands;UNCERTAINTY;2
Operands;OBTAIN;5
Operands;ENVIRONMENT;1
Operands;EFFICIENCY;1
Operands;STAKE;1
Operands;SIMPLY;1
Operands;GAIN;4
Operands;ENHANCED;2
Operands;FALL;3
Operands;USEFUL;4
Operands;VIEWED;2
Operands;ENGAGE;2
Operands;BASELINE;4
Operands;INVOLVED;9
Operands;TAX;470
Operands;ANTICIPATED;6
Operands;PERFORM;1
Operands;ADDRESSED;5
Operands;CRITICAL;2
Operands;ACTION;16
Operands;MULTIYEAR;1
Operands;ACCURACY;2
Operands;AUDIT;5
Operands;RELEVANT;34
Operands;AFFECTED;86
Operands;TRANSACTIONS;2
Operands;MEASURES;2
Operands;DESIGNATED;1
Operands;PERIOD;13
Operands;TAXES;3
Operands;CURRENT;1
Operands;VERSION;1
Operands;NAME;1
Operands;MAP;77
Operands;COMPENSATE;1
Operands;PROCESS;102
Operands;REVIEW;203
Operands;VIEW;8
Operands;INTEGRATED;1
Operands;ACCOMMODATE;3
Operands;SUFFICIENTLY;1
Operands;RECOGNISED;3
Operands;LAW;6
Operands;STRUCTURES;1
Operands;CONCERN;6
Operands;RELIEF;9
Operands;USED;12
Operands;LARGELY;1
Operands;FOREIGN;2
Operands;UNRELATED;2
Operands;USES;1
Operands;INNOVATIVE;7
Operands;SYSTEM;1
Operands;MARKET;31
Operands;RELIES;1
Operands;CONFIDENTIALITY;2
Operands;PERSONS;2
Operands;CONSISTENCY;3
Operands;COMPLIANCE;10
Operands;MODIFIED;1
Operands;MATERIALITY;2
Operands;APPROPRIATE;16
Operands;COMMON;5
Operands;UNDERTAKE;5
Operands;RELIED;1
Operands;STANDARDISED;11
Operands;POSITION;18
Operands;PROPOSAL;7
Operands;CLEARLY;1
Operands;DECLINE;2
Operands;ADDRESSING;3
Operands;NECESSARILY;1
Operands;MEMBERS;36
Operands;DECISIONMAKING;6
Operands;AGREED;52
Operands;CONTRIBUTE;3
Operands;COORDINATE;4
Operands;INDIVIDUAL;1
Operands;FIVE;1
Operands;RESULT;14
Operands;VEHICLE;1
Operands;ACTIVE;1
Operands;AGREE;32
Operands;PREPARATION;1
Operands;OFFER;2
Operands;DELIVER;3
Operands;CONTROLS;5
Operands;34;2
Operands;OUTOFSCOPE;3
Operands;AVOIDS;3
Operands;NOW;2
Operands;PENALTIES;2
Operands;DETAILED;5
Operands;FEATURES;5
Operands;APPLICATION;23
Operands;MEMBERSHIP;2
Operands;NOMINAL;1
Operands;IDENTIFY;8
Operands;RECOMMENDATION;19
Operands;LIMITATIONS;2
Operands;EXPLORING;8
Operands;CAPACITY;10
Operands;POINT;7
Operands;MEMBER;20
Operands;INVOLVING;5
Operands;WORDS;3
Operands;EXPECTED;12
Operands;LEFT;1
Operands;CONCLUSIONS;12
Operands;DETERMINING;8
Operands;ALIGN;1
Operands;REGARD;2
Operands;DOMESTIC;29
Operands;OUTCOMES;25
Operands;OBJECTIVE;4
Operands;ACHIEVE;3
Operands;RIGHTS;1
Operands;EARLY;32
Operands;CONSISTENTLY;2
Operands;REGARDS;1
Operands;CHOOSE;1
Operands;WIDELY;1
Operands;PUT;3
Operands;CENTRALISED;2
Operands;ALP;1
Operands;OPERATIONS;1
Operands;CONFIRMATION;1
Operands;REMUNERATION;1
Operands;IMPORTANCE;4
Operands;MATERIAL;8
Operands;LINES;5
Operands;PEER;13
Operands;STEP;13
Operands;UNDERSTAND;5
Operands;DATE;7
Operands;INCENTIVES;1
Operands;TRYING;1
Operands;DATA;5
Operands;CORRECT;2
Operands;REPORTS;1
Operands;CHOSEN;1
Operands;DEALING;1
Operands;SEGMENTS;1
Operands;NATURE;4
Operands;PERIODICALLY;2
Operands;AMOUNT;190
Operands;BECOME;5
Operands;SEGMENTATION;3
Operands;INTERACTION;1
Operands;NECESSARY;12
Operands;FORM;6
Operands;REMAINS;2
Operands;BREAKS;1
Operands;REST;1
Operands;OCCURRED;1
Operands;MULTILATERAL;12
Operands;LOWRISK;1
Operands;PLATFORM;1
Operands;ALREADY;12
Operands;ELECT;1
Operands;PUBLICLY;1
Operands;DEFERRED;1
Operands;COMPREHENSIVE;1
Operands;SALES;1
Operands;COMPLEXITY;1
Operands;PRODUCE;1
Operands;CALL;1
Operands;EXCHANGES;3
Operands;GEOGRAPHIC;4
Operands;FILING;21
Operands;REFUND;1
Operands;FUNCTIONS;2
Operands;TAXING;4
Operands;BELIEVE;1
Operands;CERTAINTY;119
Operands;ECONOMIES;11
Operands;ENTITY;45
Operands;ALLOCATION;19
Operands;DIFFICULTY;1
Operands;APPROACHES;8
Operands;LIMIT;4
Operands;USUALLY;1
Operands;LINE;3
Operands;ECONOMY;4
Operands;AVAILABLE;23
Operands;PARTNERS;1
Operands;RELY;9
Operands;INFORM;9
Operands;ORGANISATIONS;1
Operands;LONG;2
Operands;PRIORITY;1
Operands;DEFAULT;5
Operands;ANSWER;1
Operands;INSUFFICIENT;1
Operands;PERCENTAGE;1
Operands;OPPORTUNITY;11
Operands;TAXATION;14
Operands;PROPOSED;4
Operands;INDEPENDENT;2
Operands;STRENGTHEN;1
Operands;BROAD;4
Operands;AVOID;2
Operands;COLLECTION;6
Operands;RETURNS;4
Operands;IMPROVEMENTS;8
Operands;MECHANISM;49
Operands;BURDEN;7
Operands;REACHED;8
Operands;ROBUST;4
Operands;BEPS;4
Operands;ILLUSTRATE;1
Operands;CONDUCTING;7
Operands;PARTY;1
Operands;WISH;5
Operands;DECISION;28
Operands;CLARIFY;1
Operands;PRICING;32
Operands;SIGNIFICANT;10
Operands;ADDRESS;10
Operands;PROGRESS;5
Operands;CONSIDERS;5
Operands;COMMENCING;1
Operands;ANNUAL;2
Operands;BASED;19
Operands;BUSINESS;9
Operands;REDUCE;9
Operands;PRINCIPLES;3
Operands;SMALL;10
Operands;COMMENTS;9
Operands;CONTEXT;4
Operands;AFFECT;1
Operands;FINAL;7
Operands;RELATIVELY;1
Operands;OBTAINED;1
Operands;BURDENS;1
Operands;LONGER;6
Operands;DEVELOPING;11
Operands;NEXUS;2
Operands;BECOMES;3
Operands;REPORTING;7
Operands;SHARE;1
Operands;BROUGHT;1
Operands;EFFICIENCIES;1
Operands;VERIFICATION;1
Operands;LEADING;1
Operands;CONSIDERATION;3
Operands;TRANSPARENT;1
Operands;FUNCTION;1
Operands;ARTICULATED;1
Operands;END;15
Operands;MONITOR;3
Operands;DOCUMENTATION;28
Operands;PROPOSALS;2
Operands;POSSIBLE;43
Operands;PARTICIPATING;10
Operands;POSSIBLY;4
Operands;EU;2
Operands;TIMELY;3
Operands;ASPECTS;6
Operands;LEAD;114
Operands;SUBNATIONAL;1
Operands;AREA;1
Operands;AGREEMENT;39
Operands;STRICT;2
Operands;ACTING;1
Operands;CONTINUE;9
Operands;TIME;17
Operands;AREAS;4
Operands;INTEGRITY;1
Operands;DESCRIBED;20
Operands;WORKING;3
Operands;ESTABLISHED;8
Operands;SECTION;9
Operands;PRACTICAL;6
Operands;ADMINISTRABLE;1
Operands;DESCRIBES;2
Operands;POTENTIALLY;6
Operands;DECIDE;4
Operands;INSCOPE;19
Operands;PARTS;2
Operands;STRONG;1
Operands;ESTABLISHMENT;10
Operands;CATEGORIES;3
Operands;TECHNIQUES;1
Operands;FINANCE;2
Operands;OUTSTANDING;1
Operands;REASONS;3
Operands;WORK;64
Operands;CONCERNS;8
Operands;EXPLANATION;7
Operands;LIGHT;6
Operands;IMPLEMENTED;10
Operands;BEGINNING;1
Operands;PRESENT;3
Operands;RAISED;7
Operands;CHANGED;5
Operands;CENTRAL;5
Operands;CLARIFICATION;4
Operands;MODELS;3
Operands;MODIFY;1
Operands;JURISDICTIONS;104
Operands;DUE;1
Operands;UNDERLYING;2
Operands;MANNER;5
Operands;PRINCIPALLY;1
Operands;DEMONSTRATE;1
Operands;EFFECTIVENESS;6
Operands;LARGE;3
Operands;13;1
Operands;12;5
Operands;15;2
Operands;TARGET;1
Operands;19;1
Operands;REVISED;7
Operands;CONVENTION;1
Operands;MAJORITY;17
Operands;EXAMINE;2
Operands;KEY;8
Operands;PARTIES;1
Operands;DISTRIBUTION;5
Operands;IMPROVE;7
Operands;ADVISORY;2
Operands;PROCESSES;16
Operands;STATEMENTS;1
Operands;NETWORK;2
Operands;BASIS;6
Operands;RECOGNISING;4
Operands;CREATION;2
Operands;EXCEED;1
Operands;DETAIL;1
Operands;CORPORATE;1
Operands;IMPACT;7
Operands;ENHANCEMENTS;2
Operands;LOSSES;1
Operands;ADMINISTRATION;174
Operands;UNDERSTANDING;1
Operands;ENTITIES;28
Operands;PARTICIPATION;3
Operands;QUESTIONS;17
Operands;ONLINE;1
Operands;AGGREGATE;1
Operands;VERY;3
Operands;JURISDICTION;68
Operands;ACTIONS;1
Operands;LEGAL;13
Operands;75;1
Operands;INCONSISTENT;2
Operands;SPREAD;4
Operands;POOL;9
Operands;RIGHT;3
Operands;CONSIDERED;7
Operands;ENGAGED;2
Operands;FACE;1
Operands;DEFINED;7
Operands;UNDERWAY;1
Operands;REQUESTS;6
Operands;ALIGNED;1
Operands;DECISIONS;8
Operands;FINALISE;3
Operands;DELIVERED;1
Operands;ACHIEVED;3
Operands;PAY;1
Operands;LACK;1
Operands;NARROWER;1
Operands;TAXPAYERS;19
Operands;LIKELY;14
Operands;POSSIBILITY;2
Operands;EXTENT;10
Operands;AVAILABILITY;2
Operands;BEST;1
Operands;CONSTRAINTS;2
Operands;DISCUSSION;5
Operands;BINDING;61
Operands;INVOLVE;3
Operands;FAVOUR;1
Operands;REMAIN;3
Operands;IMPORTANT;3
Operands;ACTIVITY;11
Operands;DISCUSSIONS;9
Operands;ADMINISTRATIVE;7
Operands;LOCATION;2
Operands;ACTIVITIES;16
Operands;RISK;17
Operands;LEVEL;5
Operands;RISE;1
Operands;METHODOLOGY;1
Operands;ENTER;1
Operands;EXCHANGING;2
Operands;OPERATE;1
Operands;14;9
Operands;CHALLENGES;4
Operands;EXPERIENCE;13
Operands;REFLECT;10
Operands;JOINT;3
Operands;INCOME;1
Operands;SHARED;1
Operands;REPRESENT;1
Operands;ENSURES;2
Operands;GROUP;177
Operands;HELP;2
Operands;BRINGS;1
Operands;INITIAL;30
Operands;MECHANISMS;16
Operands;DIRECT;1
Operands;EXISTING;21
Operands;LEAVE;1
Operands;HELD;1
Operands;COMPLEX;5
Operands;DESIGN;6
Operands;COORDINATED;7
Operands;PROCEDURES;4
Operands;NOTED;5
Operands;SEEKS;1
Operands;OUTLINE;3
Operands;PAYING;4
Operands;ERRORS;2
Operands;EXTENDING;1
Operands;INTRODUCTION;3
Operands;COMMONLY;1
Operands;LIABILITY;2
Operands;FRAMEWORK;50
Operands;3;4
Operands;DIFFICULTIES;1
Operands;GREATEST;1
Operands;PARTICIPATE;10
Operands;CARRY;1
Operands;JUSTIFY;2
Operands;APPROACH;38
Operands;CONSISTENT;6
Operands;DEVELOP;3
Operands;GOVERNMENTS;1
Operands;RESPONSIBLE;1
Operands;RECOGNISE;1
Operands;PRESENTED;1
Operands;DIGITALISATION;3
Operands;CONTRIBUTED;1
Operands;PRIOR;3
Operands;REASON;3
Operands;DISPUTES;41
Operands;PUBLISHED;1
Operands;INPUT;2
Operands;OPTIONAL;3
Operands;DISPUTE;89
Operands;CATEGORY;4
Operands;PROVIDED;35
Operands;UNITED;1
Operands;FINANCIAL;2
Operands;SITUATIONS;3
Operands;AGREEING;2
Operands;23;1
Operands;ATTRIBUTED;1
Operands;EXPLORE;8
Operands;PARAGRAPH;1
Operands;PURPOSE;2
Operands;PROVIDES;2
Operands;REVENUES;6
Operands;RESOLVED;5
Operands;ASSOCIATED;3
Operands;LEVELS;6
Operands;GLOBAL;4
Operands;ARRANGEMENTS;1
Operands;68;1
Operands;69;1
Operands;DUPLICATION;1
Operands;ELECTRONIC;1
Operands;RECENT;1
Operands;ABILITY;1
Operands;INVESTMENT;1
Operands;BETTER;1
Operands;159;1
Operands;PROFITABILITY;1
Operands;PURSUED;2
Operands;EXERCISE;1
Operands;CONSIDERATIONS;2
Operands;EXCHANGE;19
Operands;RULINGS;1
Operands;FREE;2
Operands;STANDARD;7
Operands;ABSENCE;3
Operands;INVENTORY;8
Operands;WAY;1
Operands;PROVIDING;6
Operands;160;1
Operands;EXAMPLE;10
Operands;FOCUSES;1
Operands;APPEAR;2
Operands;CONDITIONS;5
Operands;RESULTS;3
Operands;ANNUALLY;1
Operands;OECD;1
Operands;FOCUSED;1
Operands;PERSPECTIVE;1
Operands;STATISTICAL;3
Operands;ITEMS;5
Operands;VOTING;1
Operands;EVENT;10
Operands;SUGGESTED;2
Operands;DIRECTLY;6
Operands;VARY;2
Operands;SIMPLIFIED;1
Operands;LOW;4
Operands;PARTICULAR;27
Operands;SITUATION;4
Operands;ENTERPRISES;1
Operands;TYPICALLY;4
Operands;DIFFICULT;2
Operands;CONTROL;1
Operands;OWN;5
Operands;BENEFITS;7
Operands;CALCULATION;2
Operands;ARISING;2
Operands;CREATE;3
Operands;PROVE;1
Operands;INFORMED;9
Operands;INTRODUCE;3
Operands;RESORT;4
Operands;INTEREST;13
Operands;ARISE;6
Operands;9;1
Operands;RETAIN;1
Operands;ASSESSMENT;35
Operands;CONFLICT;1
Operands;CARRIED;1
Operands;RESIDENT;2
Operands;OCCASIONS;1
Operands;ACCEPTABLE;4
Operands;EFFECT;3
Operands;CONDUCT;7
Operands;PAID;1
Operands;FISCAL;22
Operands;INTRODUCED;2
Operands;PLANS;1
Operands;SECRETARIAT;9
Operands;TRANSFER;30
Operands;ATTENTION;1
Operands;FOCUS;3
Operands;YEARS;14
Operands;ACCESS;9
Operands;INSTRUMENT;5
Operands;EXPLORED;4
Operands;OPERATING;1
Operands;WITHDRAW;6
Operands;CRITERIA;12
Operands;IMPROVING;1
Operands;ADVANTAGES;1
Operands;CONTINUED;1
Operands;COMPLETED;11
Operands;CONCLUSION;15
Operands;SUPPORTING;1
Operands;EARLIER;4
Operands;DEAL;6
Operands;QUESTION;8
Operands;MOVE;1
Operands;EXPRESSED;3
Operands;REVIEWED;3
Operands;STEPS;7
Operands;OPPOSED;1
Operands;INTERNATIONAL;3
Operands;ORDER;3
Operands;BALANCE;2
Operands;TERMS;1
Operands;ISSUE;11
Operands;SUPPORTED;6
Operands;SPECIFIC;15
Operands;TURN;1
Operands;NOTING;1
Operands;FACTS;2
Operands;HISTORICALLY;1
Operands;SHOWN;1
Operands;PROVISIONS;2
Operands;WIDE;1
Operands;PROVIDE;39
Operands;OVERVIEW;1
Operands;CLEAR;9
Operands;REQUEST;55
Operands;GROWTH;1
Operands;OBVIOUS;1
Operands;DESIGNED;3
Operands;YEAR;28
Operands;SCOPE;38
Operands;RECEIVING;3
Operands;RESOURCES;6
Operands;LIMITED;3
Operands;CHALLENGING;1
Operands;VIEWS;8
Operands;RESOLUTION;77
Operands;PILLAR;6
Operands;AUTHORITY;12
Operands;LATE;6
Operands;MATTERS;3
Operands;LENGTH;1
Operands;COST;2
Operands;AUTHORITIES;18
Operands;EXPLORATION;2
Operands;CONCENTRATION;1
Operands;MAIN;3
Operands;ADVANCE;6
Operands;SUPPORT;15
Operands;PRACTICE;2
Operands;DISCUSSED;4
Operands;ACCEPT;12
Operands;COLLECTED;1
Operands;CONDUCTED;16
Operands;ONGOING;11
Operands;PRINCIPLE;3
Operands;SUBSIDIARY;1
Operands;REPORT;1
Operands;INTERVENTION;1
Operands;BROADLY;3
Operands;MARKETING;5
Operands;COMMENCE;1
Operands;FUTURE;5
Operands;PERFORMED;1
Operands;BENCHMARKS;3
Operands;MEASURE;1
Operands;MNE;310
Operands;STAGE;6
Operands;INFORMATION;67
Operands;DEFINITION;4
Operands;ENCOURAGE;1
Operands;ARRANGEMENT;1
Operands;PLACE;4
Operands;FOLLOW;2
Operands;INCLUDE;28
Operands;LINKED;3
Operands;SIZE;1
Operands;TAXPAYER;9
Operands;REVENUE;9
Operands;DEVELOPED;11
Operands;ADJUSTMENTS;17
Operands;ACCOUNT;12
Operands;SUBSTANCE;1
Operands;OPTION;5
Operands;PREPARE;1
Operands;INTERACTIONS;4
Operands;TECHNICAL;10
Operands;PURPOSES;5
Operands;OPPORTUNITIES;2
Operands;PREPARED;4
Operands;PERMANENT;11
Operands;RATES;1
Operands;ACT;8
Operands;NEW;36
Operands;OPEN;1
Operands;ISSUES;41
Operands;PROTECT;1
Operands;EXCEPTIONAL;3
Operands;EXPLAINED;1
Operands;ESTABLISHMENTS;1
Operands;UNABLE;13
Operands;PRIMARILY;2
Operands;CLOSE;2
Operands;ADMINISTRATIONS;172
Operands;CHALLENGE;1
Operands;AGAIN;1
Operands;EFFECTS;4
Operands;RECENTLY;1
Operands;REVIEWS;8
Operands;RECEIVE;3
Operands;WEAK;1
Operands;CHOICE;1
Operands;KNOWN;1
Operands;COSTS;5
Operands;RISKS;2
Operands;STATEMENT;4
Operands;SIGNIFICANTLY;1
Operands;GOODWILL;1
Operands;WAYS;3
Operands;ABLE;13
Operands;SOLUTION;1
Operands;SUBMIT;8
Operands;CBCR;1
Operands;MET;2
Operands;GUIDANCE;10
Operands;BROADER;4
Operands;USING;3
Operands;UNLIKELY;1
Operands;USE;15
Operands;155;1
Operands;157;1
Operands;156;1
Operands;EFFICIENT;1
Operands;158;1
Operands;NUMBER;45
Operands;EVIDENCE;2
Operands;BENEFIT;8
Operands;RESULTING;1
Operands;CASEBYCASE;1
Operands;GROUPS;55
Operands;SEEK;11
Operands;CHANGE;9
Operands;REGIMES;1
Operands;OFTEN;1
Operands;RULES;25
Operands;SUBSEQUENT;6
Operands;REASONABLY;3
Operands;WELL;10
Operands;SUPPLIED;1
Operands;POINTS;3
Operands;REASONABLE;1
Operands;OVERRIDE;1
Operands;UNDERTAKEN;25
Operands;OPERATION;3
Operands;FACILITATE;6
Operands;10;1
Operands;RATIONALE;1
Operands;SUGGEST;1
Operands;SUFFICIENT;3
Operands;REACH;19
Operands;COMMITMENTS;1
Operands;VALUE;1
Operands;SUBSTANTIVE;1
Operands;TRADITIONAL;1
Operands;START;5
Operands;POTENTIAL;13
Operands;IMPOSSIBLE;2
Operands;ELEMENT;10
Operands;LOCAL;5
Operands;ESSENTIAL;1
Operands;PROFITS;3
Operands;DEVELOPMENT;6
Operands;DESCRIPTION;3
Operands;PREFERABLE;1
Operands;MNES;4
Operands;EASIER;1
Operands;PROFIT;5
Operands;SUMMARISED;1
Operands;PERIODIC;1
Operands;CALCULATIONS;1
Operands;COMMUNICATED;1
